output_products/code,output_products/name,name,routing/name
K-C5/LG/LP,Lifetime Kit - Carbon/5 Ft/Large/Pouch,Lifetime Kit - Carbon/5 Ft/Large/Pouch,
K-C5/MD/LP,Lifetime Kit - Carbon/5 Ft/Medium/Pouch,Lifetime Kit - Carbon/5 Ft/Medium/Pouch,
K-C5/SM/LP,Lifetime Kit - Carbon/5 Ft/Small/Pouch,Lifetime Kit - Carbon/5 Ft/Small/Pouch,
K-C8/LG/LP,Lifetime Kit - Carbon/8 Ft/Large/Pouch,Lifetime Kit - Carbon/8 Ft/Large/Pouch,
K-C8/MD/LP,Lifetime Kit - Carbon/8 Ft/Medium/Pouch,Lifetime Kit - Carbon/8 Ft/Medium/Pouch,
K-C8/SM/LP,Lifetime Kit - Carbon/8 Ft/Small/Pouch,Lifetime Kit - Carbon/8 Ft/Small/Pouch,
K-G5/LG/LP,Lifetime Kit - Glacier/5 Ft/Large/Pouch,Lifetime Kit - Glacier/5 Ft/Large/Pouch,
K-G5/MD/LP,Lifetime Kit - Glacier/5 Ft/Medium/Pouch,Lifetime Kit - Glacier/5 Ft/Medium/Pouch,
K-G5/SM/LP,Lifetime Kit - Glacier/5 Ft/Small/Pouch,Lifetime Kit - Glacier/5 Ft/Small/Pouch,
K-G8/LG/LP,Lifetime Kit - Glacier/8 Ft/Large/Pouch,Lifetime Kit - Glacier/8 Ft/Large/Pouch,
K-G8/MD/LP,Lifetime Kit - Glacier/8 Ft/Medium/Pouch,Lifetime Kit - Glacier/8 Ft/Medium/Pouch,
K-G8/SM/LP,Lifetime Kit - Glacier/8 Ft/Small/Pouch,Lifetime Kit - Glacier/8 Ft/Small/Pouch,
K-H5/LG/LP,Lifetime Kit - Honey/5 Ft/Large/Pouch,Lifetime Kit - Honey/5 Ft/Large/Pouch,
K-H5/MD/LP,Lifetime Kit - Honey/5 Ft/Medium/Pouch,Lifetime Kit - Honey/5 Ft/Medium/Pouch,
K-H5/SM/LP,Lifetime Kit - Honey/5 Ft/Small/Pouch,Lifetime Kit - Honey/5 Ft/Small/Pouch,
K-H8/LG/LP,Lifetime Kit - Honey/8 Ft/Large/Pouch,Lifetime Kit - Honey/8 Ft/Large/Pouch,
K-H8/MD/LP,Lifetime Kit - Honey/8 Ft/Medium/Pouch,Lifetime Kit - Honey/8 Ft/Medium/Pouch,
K-H8/SM/LP,Lifetime Kit - Honey/8 Ft/Small/Pouch,Lifetime Kit - Honey/8 Ft/Small/Pouch,
K-M5/LG/LP,Lifetime Kit - Moss/5 Ft/Large/Pouch,Lifetime Kit - Moss/5 Ft/Large/Pouch,
K-M5/MD/LP,Lifetime Kit - Moss/5 Ft/Medium/Pouch,Lifetime Kit - Moss/5 Ft/Medium/Pouch,
K-M5/SM/LP,Lifetime Kit - Moss/5 Ft/Small/Pouch,Lifetime Kit - Moss/5 Ft/Small/Pouch,
K-M8/LG/LP,Lifetime Kit - Moss/8 Ft/Large/Pouch,Lifetime Kit - Moss/8 Ft/Large/Pouch,
K-M8/MD/LP,Lifetime Kit - Moss/8 Ft/Medium/Pouch,Lifetime Kit - Moss/8 Ft/Medium/Pouch,
K-M8/SM/LP,Lifetime Kit - Moss/8 Ft/Small/Pouch,Lifetime Kit - Moss/8 Ft/Small/Pouch,
K-R5/LG/LP,Lifetime Kit - Ruby/5 Ft/Large/Pouch,Lifetime Kit - Ruby/5 Ft/Large/Pouch,
K-R5/MD/LP,Lifetime Kit - Ruby/5 Ft/Medium/Pouch,Lifetime Kit - Ruby/5 Ft/Medium/Pouch,
K-R5/SM/LP,Lifetime Kit - Ruby/5 Ft/Small/Pouch,Lifetime Kit - Ruby/5 Ft/Small/Pouch,
K-R8/LG/LP,Lifetime Kit - Ruby/8 Ft/Large/Pouch,Lifetime Kit - Ruby/8 Ft/Large/Pouch,
K-R8/MD/LP,Lifetime Kit - Ruby/8 Ft/Medium/Pouch,Lifetime Kit - Ruby/8 Ft/Medium/Pouch,
K-R8/SM/LP,Lifetime Kit - Ruby/8 Ft/Small/Pouch,Lifetime Kit - Ruby/8 Ft/Small/Pouch,
K-S5/LG/LP,Lifetime Kit - Silver/5 Ft/Large/Pouch,Lifetime Kit - Silver/5 Ft/Large/Pouch,
K-S5/MD/LP,Lifetime Kit - Silver/5 Ft/Medium/Pouch,Lifetime Kit - Silver/5 Ft/Medium/Pouch,
K-S5/SM/LP,Lifetime Kit - Silver/5 Ft/Small/Pouch,Lifetime Kit - Silver/5 Ft/Small/Pouch,
K-S8/LG/LP,Lifetime Kit - Silver/8 Ft/Large/Pouch,Lifetime Kit - Silver/8 Ft/Large/Pouch,
K-S8/MD/LP,Lifetime Kit - Silver/8 Ft/Medium/Pouch,Lifetime Kit - Silver/8 Ft/Medium/Pouch,
K-S8/SM/LP,Lifetime Kit - Silver/8 Ft/Small/Pouch,Lifetime Kit - Silver/8 Ft/Small/Pouch,
K-T5/LG/LP,Lifetime Kit - Twilight/5 Ft/Large/Pouch,Lifetime Kit - Twilight/5 Ft/Large/Pouch,
K-T5/MD/LP,Lifetime Kit - Twilight/5 Ft/Medium/Pouch,Lifetime Kit - Twilight/5 Ft/Medium/Pouch,
K-T5/SM/LP,Lifetime Kit - Twilight/5 Ft/Small/Pouch,Lifetime Kit - Twilight/5 Ft/Small/Pouch,
K-T8/LG/LP,Lifetime Kit - Twilight/8 Ft/Large/Pouch,Lifetime Kit - Twilight/8 Ft/Large/Pouch,
K-T8/MD/LP,Lifetime Kit - Twilight/8 Ft/Medium/Pouch,Lifetime Kit - Twilight/8 Ft/Medium/Pouch,
K-T8/SM/LP,Lifetime Kit - Twilight/8 Ft/Small/Pouch,Lifetime Kit - Twilight/8 Ft/Small/Pouch,
KL-B/LG/LP,Lite Kit - Black/Large/Pouch,Lite Kit - Black/Large/Pouch,
KL-B/MD/LP,Lite Kit - Black/Medium/Pouch,Lite Kit - Black/Medium/Pouch,
KL-B/SM/LP,Lite Kit - Black/Small/Pouch,Lite Kit - Black/Small/Pouch,
KL-F/LG/LP,Lite Kit - Forest/Large/Pouch,Lite Kit - Forest/Large/Pouch,
KL-F/MD/LP,Lite Kit - Forest/Medium/Pouch,Lite Kit - Forest/Medium/Pouch,
KL-F/SM/LP,Lite Kit - Forest/Small/Pouch,Lite Kit - Forest/Small/Pouch,
KL-M/LG/LP,Lite Kit - Maroon/Large/Pouch,Lite Kit - Maroon/Large/Pouch,
KL-M/MD/LP,Lite Kit - Maroon/Medium/Pouch,Lite Kit - Maroon/Medium/Pouch,
KL-M/SM/LP,Lite Kit - Maroon/Small/Pouch,Lite Kit - Maroon/Small/Pouch,
KL-N/LG/LP,Lite Kit - Navy/Large/Pouch,Lite Kit - Navy/Large/Pouch,
KL-N/MD/LP,Lite Kit - Navy/Medium/Pouch,Lite Kit - Navy/Medium/Pouch,
KL-N/SM/LP,Lite Kit - Navy/Small/Pouch,Lite Kit - Navy/Small/Pouch,
KL-V/LG/LP,Lite Kit - Violet/Large/Pouch,Lite Kit - Violet/Large/Pouch,
KL-V/MD/LP,Lite Kit - Violet/Medium/Pouch,Lite Kit - Violet/Medium/Pouch,
KL-V/SM/LP,Lite Kit - Violet/Small/Pouch,Lite Kit - Violet/Small/Pouch,
LH-LG,Lifetime Harness - Black - Large,LH-LG - Lifetime Harness - Black - Large,Lifetime Harness
LH-SM,Lifetime Harness - Black - Small,LH-SM - Lifetime Harness - Black - Small,Lifetime Harness
LH-MD,Lifetime Harness - Black - Medium,LH-MD - Lifetime Harness - Black - Medium,Lifetime Harness
LCA-N-SM,Lifetime Lite Collar - Navy - Small,LCA-N-SM - Lifetime Lite Collar- Navy - Small,Lifetime Lite Collar
LCA-N-MD,Lifetime Lite Collar - Navy - Medium,LCA-N-MD - Lifetime Lite Collar - Navy - Medium,Lifetime Lite Collar
LCA-N-LG,Lifetime Lite Collar - Navy - Large,LCA-N-LG - Lifetime Lite Collar - Navy - Large,Lifetime Lite Collar
LCA-F-SM,Lifetime Lite Collar - Forest - Small,LCA-F-SM - Lifetime Lite Collar - Forest - Small,Lifetime Lite Collar
LCA-F-MD,Lifetime Lite Collar - Forest - Medium,LCA-F-MD - Lifetime Lite Collar - Forest - Medium,Lifetime Lite Collar
LCA-F-LG,Lifetime Lite Collar - Forest - Large,LCA-F-LG - Lifetime Lite Collar - Forest - Large,Lifetime Lite Collar
LCA-M-SM,Lifetime Lite Collar - Maroon - Small,LCA-M-SM - Lifetime Lite Collar - Maroon - Small,Lifetime Lite Collar
LCA-M-MD,Lifetime Lite Collar - Maroon - Medium,LCA-M-MD - Lifetime Lite Collar - Maroon - Medium,Lifetime Lite Collar
LCA-M-LG,Lifetime Lite Collar - Maroon - Large,LCA-M-LG - Lifetime Lite Collar - Maroon - Large,Lifetime Lite Collar
LCA-B-SM,Lifetime Lite Collar - Black - Small,LCA-B-SM - Lifetime Lite Collar - Black - Small,Lifetime Lite Collar
LCA-B-MD,Lifetime Lite Collar - Black - Medium,LCA-B-MD - Lifetime Lite Collar - Black - Medium,Lifetime Lite Collar
LCA-B-LG,Lifetime Lite Collar - Black - Large,LCA-B-LG - Lifetime Lite Collar - Black - Large,Lifetime Lite Collar
LLA-N,Lifetime Lite Leash - Navy,LLA-N - Lifetime Lite Leash - Navy,LLA
LLA-F,Lifetime Lite Leash - Forest,LLA-F - Lifetime Lite Leash - Forest,LLA
LLA-B,Lifetime Lite Leash - Black,LLA-B - Lifetime Lite Leash - Black,LLA
LP-B,Lifetime Pouch - Black,LP-B - Lifetime Pouch - Black,Lifetime Pouch
E1175/C,Elastic Cord - 175mm Cut - Pouch,Elastic 175mm Cut,Cutting - Webbing
E1155/C,Elastic Cord - 155mm Cut - Bowl (Reflective),Elastic 155mm Cut,Cutting - Webbing
W3170/C,Bowl Clip Webbing Cut 70mm,W3170/C - Bowl Clip Webbing Cut 70mm,Cutting - Webbing
LC-C16,"Lifetime Collar - Carbon 16""","LC-C16 - Lifetime Collar Carbon 16""",Lifetime Collar
LC-C22,"Lifetime Collar - Carbon 22""","LC-C22 - Lifetime Collar Carbon 22""",Lifetime Collar
LC-T16,"Lifetime Collar - Twilight 16""","LC-T16 - Lifetime Collar Twilight 16""",Lifetime Collar
LC-T22,"Lifetime Collar - Twilight 22""","LC-T22 - Lifetime Collar Twilight 22""",Lifetime Collar
LC-G16,"Lifetime Collar - Glacier 16""","LC-G16 - Lifetime Collar Glacier 16""",Lifetime Collar
LC-G22,"Lifetime Collar - Glacier 22""","LC-G22 Lifetime Collar Glacier 22""",Lifetime Collar
LC-H16,"Lifetime Collar - Honey 16""","LC-H16 - Lifetime Collar Honey 16""",Lifetime Collar
LC-H22,"Lifetime Collar - Honey 22""","LC-H22 - Lifetime Collar Honey 22""",Lifetime Collar
LC-M16,"Lifetime Collar - Moss 16""","LC-M16 - Lifetime Collar Moss 16""",Lifetime Collar
LC-M22,"Lifetime Collar - Moss 22""","LC-M22 - Lifetime Collar Moss 22""",Lifetime Collar
LC-R16,"Lifetime Collar - Ruby 16""","LC-R16 - Lifetime Collar Ruby 16""",Lifetime Collar
LC-R22,"Lifetime Collar - Ruby 22""","LC-R22 - Lifetime Collar Ruby 22""",Lifetime Collar
LC-S16,"Lifetime Collar - Silver 16""","LC-S16 - Lifetime Collar Silver 16""",Lifetime Collar
LC-S22,"Lifetime Collar - Silver 22""","LC-S22 - Lifetime Collar Silver 22""",Lifetime Collar
LL-C5,Lifetime Leash - Carbon 5',LL-C5 - Lifetime Leash Carbon 5ft,Lifetime Leash
LL-C8,Lifetime Leash - Carbon 8',LL-C8 - Lifetime Leash Carbon 8ft,Lifetime Leash
LL-H5,Lifetime Leash - Honey 5',LL-H5 - Lifetime Leash Honey 5ft,Lifetime Leash
LL-H8,Lifetime Leash - Honey 8',LL-H8 - Lifetime Leash Honey 8ft,Lifetime Leash
LL-M5,Lifetime Leash - Moss 5',LL-M5 - Lifetime Leash Moss 5ft,Lifetime Leash
LL-M8,Lifetime Leash - Moss 8',LL-M8 - Lifetime Leash Moss 8ft,Lifetime Leash
LL-R5,Lifetime Leash - Ruby 5',LL-R5 - Lifetime Leash Ruby 5ft,Lifetime Leash
LL-R8,Lifetime Leash - Ruby 8',LL-R8 - Lifetime Leash Ruby 8ft,Lifetime Leash
LL-S5,Lifetime Leash - Silver 5',LL-S5 - Lifetime Leash Silver 5ft,Lifetime Leash
LL-S8,Lifetime Leash - Silver 8',LL-S8 - Lifetime Leash Silver 8ft,Lifetime Leash
LL-G5,Lifetime Leash - Glacier 5',LL-G5 - Lifetime Leash Glacier 5ft,Lifetime Leash
LL-G8,Lifetime Leash - Glacier 8',LL-G8 - Lifetime Leash Glacier 8ft,Lifetime Leash
LL-T5,Lifetime Leash - Twilight 5',LL-T5 - Lifetime Leash Twilight 5ft,Lifetime Leash
LL-T8,Lifetime Leash - Twilight 8',LL-T8 - Lifetime Leash Twilight 8ft,Lifetime Leash
LC-C18,"Lifetime Collar - Carbon 18""","LC-C18 - Lifetime Collar - Carbon 18""",Lifetime Collar
LC-S18,"Lifetime Collar - Silver 18""","LC-S18 - Lifetime Collar - Silver 18""",Lifetime Collar
LC-T18,"Lifetime Collar - Twilight 18""","LC-T18 - Lifetime Collar - Twilight 18""",Lifetime Collar
LC-G18,"Lifetime Collar - Glacier 18""","LC-G18 - Lifetime Collar - Glacier 18""",Lifetime Collar
LC-R18,"Lifetime Collar - Ruby 18""","LC-R18 - Lifetime Collar - Ruby 18""",Lifetime Collar
LC-H18,"Lifetime Collar - Honey 18""","LC-H18 - Lifetime Collar - Honey 18""",Lifetime Collar
LC-M18,"Lifetime Collar - Moss 18""","LC-M18 - Lifetime Collar - Moss 18""",Lifetime Collar
LC-C20,"Lifetime Collar - Carbon 20""","LC-C20 - Lifetime Collar - Carbon 20""",Lifetime Collar
LC-S20,"Lifetime Collar - Silver 20""","LC-S20 - Lifetime Collar - Silver 20""",Lifetime Collar
LC-T20,"Lifetime Collar - Twilight 20""","LC-T20 - Lifetime Collar - Twilight 20""",Lifetime Collar
LC-G20,"Lifetime Collar - Glacier 20""","LC-G20 - Lifetime Collar - Glacier 20""",Lifetime Collar
LC-R20,"Lifetime Collar - Ruby 20""","LC-R20 - Lifetime Collar - Ruby 20""",Lifetime Collar
LC-H20,"Lifetime Collar - Honey 20""","LC-H20 - Lifetime Collar - Honey 20""",Lifetime Collar
LC-M20,"Lifetime Collar - Moss 20""","LC-M20 - Lifetime Collar - Moss 20""",Lifetime Collar
LC-C24,"Lifetime Collar - Carbon 24""","LC-C24 - Lifetime Collar - Carbon 24""",Lifetime Collar
LC-S24,"Lifetime Collar - Silver 24""","LC-S24 - Lifetime Collar - Silver 24""",Lifetime Collar
LC-T24,"Lifetime Collar - Twilight 24""","LC-T24 - Lifetime Collar - Twilight 24""",Lifetime Collar
LC-G24,"Lifetime Collar - Glacier 24""","LC-G24 - Lifetime Collar - Glacier 24""",Lifetime Collar
LC-R24,"Lifetime Collar - Ruby 24""","LC-R24 - Lifetime Collar - Ruby 24""",Lifetime Collar
LC-H24,"Lifetime Collar - Honey 24""","LC-H24 - Lifetime Collar - Honey 24""",Lifetime Collar
LC-M24,"Lifetime Collar - Moss 24""","LC-M24 - Lifetime Collar - Moss 24""",Lifetime Collar
LLA-M,Lifetime Lite Leash - Maroon,LLA-M - Lifetime Lite Leash - Maroon,LLA
LHA-XS,Lifetime Air Harness - X-Small Black,LHA-XS - Lifetime Harness Air - X-Small,Lifetime Harness
LHA-XS-B_F1/C,LHA-XS Fabric Front Panel - Black,LHA-XS-B Fabric Front - Black 48x31 80u,Cutting - Fabric
LHA-XS_P1,LHA-XS Padding Front Panel,LHA-XS Padding Front Panel,Cutting - Fabric
BAN-ASH-LG,Lifetime Bandana - Ash - Large,BAN-ASH-LG - Lifetime Bandana - Ash - Large,Lifetime Bandana
BAN-ASH-SM,Lifetime Bandana - Ash - Small,BAN-ASH-SM - Lifetime Bandana - Ash - Small,Lifetime Bandana
T1101,Hypalon Tag - Bandana,T1101 - Hypalon Tag - Bandana - 270u,Cutting - Fabric
BAN-BLACK-LG,Lifetime Bandana - Black - Large,BAN-BLACK-LG - Lifetime Bandana - Black - Large,Lifetime Bandana
BAN-BLACK-SM,Lifetime Bandana - Black - Small,BAN-BLACK-SM - Lifetime Bandana - Black - Small,Lifetime Bandana
BAN-BLAZE-LG,Lifetime Bandana - Blaze - Large,BAN-BLAZE-LG - Lifetime Bandana - Blaze - Large,Lifetime Bandana
BAN-BLAZE-SM,Lifetime Bandana - Blaze - Small,BAN-BLAZE-SM - Lifetime Bandana - Blaze - Small,Lifetime Bandana
BAN-LIME-LG,Lifetime Bandana - Lime - Large,BAN-LIME-LG - Lifetime Bandana - Lime - Large,Lifetime Bandana
BAN-LIME-SM,Lifetime Bandana - Lime - Small,BAN-LIME-SM - Lifetime Bandana - Lime - Small,Lifetime Bandana
BAN-TEAL-LG,Lifetime Bandana - Teal - Large,BAN-TEAL-LG - Lifetime Bandana - Teal - Large,Lifetime Bandana
BAN-TEAL-SM,Lifetime Bandana - Teal - Small,BAN-TEAL-SM - Lifetime Bandana - Teal - Small,Lifetime Bandana
BAN-OCEAN-LG,Lifetime Bandana - Ocean - Large,BAN-OCEAN-LG - Lifetime Bandana - Ocean - Large,Lifetime Bandana
BAN-OCEAN-SM,Lifetime Bandana - Ocean - Small,BAN-OCEAN-SM - Lifetime Bandana - Ocean - Small,Lifetime Bandana
E2135/C,Elastic Cord (Flat) - 135mm Cut - Pouch,Flat Elastic 135mm Cut,Cutting - Webbing
T1102,Hypalon Tag - Pouch,Hypalon Tag - Pouch - 527u,Cutting - Fabric
LLA-V,Lifetime Lite Leash - Violet,LLA-V - Lifetime Lite Leash - Violet,LLA
LPL,Lifetime Loop,"LPL - Lifetime Loop (Sheet) - 36x12"" 144u",Lifetime Loop
LCA-V-LG,Lifetime Lite Collar - Violet - Large,LCA-V-LG - Lifetime Lite Collar - Violet - Large,Lifetime Lite Collar
LCA-V-MD,Lifetime Lite Collar - Violet - Medium,LCA-V-MD - Lifetime Lite Collar - Violet - Medium,Lifetime Lite Collar
LCA-V-SM,Lifetime Lite Collar - Violet - Small,LCA-V-SM - Lifetime Lite Collar - Violet - Small,Lifetime Lite Collar
LPL,Lifetime Loop,"Loop Sheet 36""x12""",Lifetime Loop
LL-P5,Lifetime Leash - Pink 5',LL-P5 - Lifetime Leash Pink 5ft,Lifetime Leash
LH-T-SM,Lifetime Harness - Twilight - Small,LH-T-SM - Lifetime Harness - Twilight - Small,Lifetime Harness
LH-G-SM,Lifetime Harness - Glacier - Small,LH-G-SM - Lifetime Harness - Glacier - Small,Lifetime Harness
LH-R-SM,Lifetime Harness - Ruby - Small,LH-R-SM - Lifetime Harness - Ruby - Small,Lifetime Harness
LH-H-SM,Lifetime Harness - Honey - Small,LH-H-SM - Lifetime Harness - Honey - Small,Lifetime Harness
LH-M-SM,Lifetime Harness - Moss - Small,LH-M-SM - Lifetime Harness - Moss - Small,Lifetime Harness
LH-T-MD,Lifetime Harness - Twilight - Medium,LH-T-MD - Lifetime Harness - Twilight - Medium,Lifetime Harness
LH-G-MD,Lifetime Harness - Glacier - Medium,LH-G-MD - Lifetime Harness - Glacier - Medium,Lifetime Harness
LH-R-MD,Lifetime Harness - Ruby - Medium,LH-R-MD - Lifetime Harness - Ruby - Medium,Lifetime Harness
LH-H-MD,Lifetime Harness - Honey - Medium,LH-H-MD - Lifetime Harness - Honey - Medium,Lifetime Harness
LH-M-MD,Lifetime Harness - Moss - Medium,LH-M-MD - Lifetime Harness - Moss - Medium,Lifetime Harness
LH-T-LG,Lifetime Harness - Twilight - Large,LH-T-LG - Lifetime Harness - Twilight - Large,Lifetime Harness
LH-G-LG,Lifetime Harness - Glacier - Large,LH-G-LG - Lifetime Harness - Glacier - Large,Lifetime Harness
LH-R-LG,Lifetime Harness - Ruby - Large,LH-R-LG - Lifetime Harness - Ruby - Large,Lifetime Harness
LH-H-LG,Lifetime Harness - Honey - Large,LH-H-LG - Lifetime Harness - Honey - Large,Lifetime Harness
LH-M-LG,Lifetime Harness - Moss - Large,LH-M-LG - Lifetime Harness - Moss - Large,Lifetime Harness
LAIR-B4-H,Lifetime Air Leash - Obsidian 4' - Handle,LAIR-B4,Lifetime Air Leash
LAIR-B6-H,Lifetime Air Leash - Obsidian 6' - Handle,LAIR-B6,Lifetime Air Leash
LCP-B-LG,"Lifetime Pro Collar-Black / Large (20""-30"")",LCP-B-LG - Lifetime Pro Collar - Black - Large,Lifetime Pro Collar
LCP-B-MD,"Lifetime Pro Collar-Black / Medium (15""-22"")",LCP-B-MD - Lifetime Pro Collar - Black - Medium,Lifetime Pro Collar
LCP-W-MD,"Lifetime Pro Collar-Wolf / Medium (15""-22"")",LCP-W-MD - Lifetime Pro Collar - Wolf - Medium,Lifetime Pro Collar
LCP-W-LG,"Lifetime Pro Collar-Wolf / Large (20""-30"")",LCP-W-LG - Lifetime Pro Collar - Wolf - Large,Lifetime Pro Collar
LCP-O-LG,"Lifetime Pro Collar-Olive / Large (20""-30"")",LCP-O-LG - Lifetime Pro Collar - Olive - Large,Lifetime Pro Collar
LCP-O-MD,"Lifetime Pro Collar-Olive / Medium (15""-22"")",LCP-O-MD - Lifetime Pro Collar - Olive - Medium,Lifetime Pro Collar
LLH-C,Lifetime Handle - Carbon,LLH-C - Lifetime Handle Carbon,Lifetime Handle
LLH-T,Lifetime Handle - Twilight,LLH-T - Lifetime Handle Twilight,Lifetime Handle
LLH-S,Lifetime Handle - Silver,LLH-S - Lifetime Handle Silver,Lifetime Handle
LLH-G,Lifetime Handle - Glacier,LLH-G - Lifetime Handle Glacier,Lifetime Handle
LLH-R,Lifetime Handle - Ruby,LLH-R - Lifetime Handle Ruby,Lifetime Handle
LLH-H,Lifetime Handle - Honey,LLH-H - Lifetime Handle Honey,Lifetime Handle
LLH-M,Lifetime Handle - Moss,LLH-M - Lifetime Handle Moss,Lifetime Handle
H1106,Hypalon - Grommet Donut,Hypalon Tag - Donut - 399u,Cutting - Fabric
LCP-C-MD,"Lifetime Pro Collar-Coyote / Medium (15""-22"")",LCP-C-MD - Lifetime Pro Collar - Coyote - Medium,Lifetime Pro Collar
LCP-C-LG,"Lifetime Pro Collar-Coyote / Large (20""-30"")",LCP-C-LG - Lifetime Pro Collar - Coyote - Large,Lifetime Pro Collar
LPX-B,Lifetime Pouch - Black / Blemish,LP to LPX,
LHX-MD,Lifetime Harness - Black - Medium / Blemish,LH-MD to LHX-MD,
LHX-SM,Lifetime Harness - Black - Small /  Blemish,LH-SM to LHX-SM,
LHX-LG,Lifetime Harness - Black - Large / Blemish,LH-LG to LHX-LG,
LBX-B-LG,Lifetime Bowl - Charcoal Large Blemish,LB to LBX,
PB-4,Poop Bags-4 Rolls (60 Bags),Poop Bags - 4PK,Poop Bags
PB-16,Poop Bags-16 Rolls (240 Bags),PB-16,
LCP-B-H,Lifetime Pro Collar Handle - Black,LCP-B-H - Lifetime Pro Collar Handle - Black,LCP Handle
LCP-O-H,Lifetime Pro Collar Handle-Olive,LCP-O-H - Lifetime Pro Collar Handle - Olive,LCP Handle
LCP-W-H,Lifetime Pro Collar Handle-Wolf,LCP-W-H - Lifetime Pro Collar Handle - Wolf,LCP Handle
LCP-C-E,Lifetime Pro Collar Embroidery-Coyote,LCP-C-E - Lifetime Pro Collar Embroidery - Coyote,Cutting - Webbing
LCP-B-E,Lifetime Pro Collar Embroidery-Black,LCP-B-E - Lifetime Pro Collar Embroidery - Black,Cutting - Webbing
LCP-W-E,Lifetime Pro Collar Embroidery-Wolf,LCP-W-E - Lifetime Pro Collar Embroidery - Wolf,Cutting - Webbing
LCP-O-E,Lifetime Pro Collar Embroidery-Olive,LCP-O-E - Lifetime Pro Collar Embroidery - Olive,Cutting - Webbing
E0060/C,95 Paracord - 60mm Cut,E0070/C - 70mm LCA Paracord Cut,Cutting - Webbing
LCP-O-F3,LCP Olive Fi Compatible S3,LCP-O-F3 - Lifetime Pro Collar Fi Attachment - Olive,LCP Handle
LCP-C-F3,LCP Coyote Fi Compatible S3,LCP-C-F3 - Lifetime Pro Collar Fi Attachment - Coyote,LCP Handle
LCP-B-F3,LCP Black Fi Compatible S3,LCP-B-F3 - Lifetime Pro Collar Fi Attachment - Black,LCP Handle
LCP-W-F3,LCP Wolf Fi Compatible S3,LCP-W-F3 - Lifetime Pro Collar Fi Attachment - Wolf,LCP Handle
P00122-LL,Labeled Pouch - LL,Labeled Pouch - LL,Packaging
P00122-LC,Labeled Pouch - LC,Labeled Pouch - LC,Packaging
P00122-LCA,Labeled Pouch - LCA,Labeled Pouch - LCA,Packaging
P00122-LLA,Labeled Pouch - LLA,Labeled Pouch - LLA,Packaging
P00122-LH,Labeled Pouch - LH,Labeled Pouch - LH,Packaging
W0105-60/C,"60mm 1"" Nylon 17337 Black Cut","W0105-60/C - 1.5"" LCP D-Ring Cut",Cutting - Webbing
LCP-C-H,Lifetime Pro Collar Handle - Coyote,LCP-C-H - Lifetime Pro Collar Handle - Coyote,LCP Handle
LCP-F3,Lifetime Pro Fi Compatible S3,LCP-F3,
H0241b-logo,Aluminum Tilt-Head Buckle B - Logo,Tilt Head - Triglide Engraved,Cutting - Fabric
LL-P8,Lifetime Leash - Pink 8',LL-P8 - Lifetime Leash Pink 8ft,Lifetime Leash
LLH-P,Lifetime Handle - Pink,LLH-P - Lifetime Handle Pink,Lifetime Handle
LP-P,Lifetime Pouch - Pink,Lifetime Pouch - Pink,Lifetime Pouch
K-SH3,Shit Kit - Black,Shit Kit - Black,
LCS-C18,"Lifetime Slip Collar-Carbon / 14-18""","LCS-C18 - Lifetime Slip Collar - Carbon 14-18""",Lifetime Slip Collar
LCS-C22,"Lifetime Slip Collar-Carbon / 18-22""","LCS-C22 - Lifetime Slip Collar - Carbon 18-22""",Lifetime Slip Collar
LCS-T22,"Lifetime Slip Collar-Twilight / 18-22""","LCS-T22 - Lifetime Slip Collar - Twilight 18-22""",Lifetime Slip Collar
LCS-T18,"Lifetime Slip Collar-Twilight / 14-18""","LCS-T18 - Lifetime Slip Collar - Twilight 14-18""",Lifetime Slip Collar
LCS-G18,"Lifetime Slip Collar-Glacier / 14-18""","LCS-G18 - Lifetime Slip Collar - Glacier 14-18""",Lifetime Slip Collar
LCS-G22,"Lifetime Slip Collar-Glacier / 18-22""","LCS-G22 - Lifetime Slip Collar - Glacier 18-22""",Lifetime Slip Collar
LCS-R22,"Lifetime Slip Collar-Ruby / 18-22""","LCS-R22 - Lifetime Slip Collar - Ruby 18-22""",Lifetime Slip Collar
LCS-R18,"Lifetime Slip Collar-Ruby / 14-18""","LCS-R18 - Lifetime Slip Collar - Ruby 14-18""",Lifetime Slip Collar
LCS-H18,"Lifetime Slip Collar-Honey / 14-18""","LCS-H18 - Lifetime Slip Collar - Honey 14-18""",Lifetime Slip Collar
LCS-H22,"Lifetime Slip Collar-Honey / 18-22""","LCS-H22 - Lifetime Slip Collar - Honey 18-22""",Lifetime Slip Collar
LCS-M22,"Lifetime Slip Collar-Moss / 18-22""","LCS-M22 - Lifetime Slip Collar - Moss 18-22""",Lifetime Slip Collar
LCS-M18,"Lifetime Slip Collar-Moss / 14-18""","LCS-M18 - Lifetime Slip Collar - Moss 14-18""",Lifetime Slip Collar
LCS-S18,"Lifetime Slip Collar-Silver / 14-18""","LCS-S18 - Lifetime Slip Collar - Silver 14-18""",Lifetime Slip Collar
LCS-S22,"Lifetime Slip Collar-Silver / 18-22""","LCS-S22 - Lifetime Slip Collar - Silver 18-22""",Lifetime Slip Collar
LP-L,Lifetime Pouch - Lilac,LP-L - Lifetime Pouch - Lilac,Lifetime Pouch
LP-S,Lifetime Pouch - Salmon,Lifetime Pouch - Salmon,Lifetime Pouch
LP-R,Lifetime Pouch - Rust,LP-R - Lifetime Pouch - Rust,Lifetime Pouch
LP-M,Lifetime Pouch - Mint,LP-M - Lifetime Pouch - Mint,Lifetime Pouch
LP-CAMO,Lifetime Pouch - Camo,LP-CAMO - Lifetime Pouch - Camo,Lifetime Pouch
LP-I,Lifetime Pouch - Indigo,LP-I - Lifetime Pouch - Indigo,Lifetime Pouch
K-SH3-I,Shit Kit - Indigo,Shit Kit - Indigo,
K-SH3-M,Shit Kit - Mint,Shit Kit - Mint,
K-SH3-L,Shit Kit - Lilac,Shit Kit - Lilac,
K-SH3-S,Shit Kit - Salmon,Shit Kit - Salmon,
K-SH3-R,Shit Kit - Rust,Shit Kit - Rust,
LB-W,Lifetime Bowl - White,LB-W - Lifetime Bowl - White,Lifetime Bowl
LB-BLK,Lifetime Bowl - Onyx,LB-BLK - Lifetime Bowl - Onyx,Lifetime Bowl
F3-SNAP/C,"Fi Snap 1"" Cut","Fi Snap 1"" - Cut (36x12 Sheet) - 39u",Cutting - Fabric
F3-SNAP,"Fi Snap 1""","Fi Snap 1""",Fi Snap
LP-W,Lifetime Pouch - Dyneema - White,LP-W - Lifetime Pouch - Dyneema White,Lifetime Pouch
K-SH3-C,Shit Kit - Charcoal,Shit Kit - Charcoal,
K-SH3-CAMO,Shit Kit - Camo,Shit Kit - Camo,
K-SH3-BLK,Shit Kit - Onyx,Shit Kit - Onyx,
BAN-BLACK-LG/C,Bandana Cut - Black - Large,BAN-BLACK-CUTS - Lifetime Bandana - Black Cuts,Cutting - Fabric
BAN-BLACK-SM/C,Bandana Cut - Black - Small,,
BAN-ASH-LG/C,Bandana Cut - Ash - Large,BAN-ASH-CUTS - Lifetime Bandana - Ash Cuts,Cutting - Fabric
BAN-ASH-SM/C,Bandana Cut - Ash - Small,,
BAN-TEAL-LG/C,Bandana Cut - Teal - Large,BAN-TEAL-CUTS - Lifetime Bandana - Teal Mix Cuts,Cutting - Fabric
BAN-TEAL-SM/C,Bandana Cut - Teal - Small,,
BAN-OCEAN-LG/C,Bandana Cut - Ocean - Large,BAN-OCEAN-CUTS - Lifetime Bandana - Ocean Mix Cuts,Cutting - Fabric
BAN-OCEAN-SM/C,Bandana Cut - Ocean - Small,,
BAN-LIME-LG/C,Bandana Cut - Lime - Large,BAN-LIME-CUTS - Lifetime Bandana - Lime Cuts,Cutting - Fabric
BAN-LIME-SM/C,Bandana Cut - Lime - Small,,
BAN-BLAZE-LG/C,Bandana Cut - Blaze - Large,BAN-BLAZE-CUTS - Lifetime Bandana - Blaze Cuts,Cutting - Fabric
BAN-BLAZE-SM/C,Bandana Cut - Blaze - Small,,
LBB-B,Lifetime Belt Bag - Black,LBB-B - Lifetime Belt Bag - Black,Belt Bag
LHP-LG,Lifetime Pro Harness - Large (80-130lbs),LHP-LG - Lifetime Pro Harness - Large,Lifetime Pro Harness
H1100/C,Hypalon Sheet - 12x36,Hypalon Sheet (36x12) - 5u,Cutting - Fabric
T1106,Hypalon Tag - Pro / Belt Bag,Hypalon Tag - Pro / Belt Bag (Sheet) - 240u,Lifetime Loop
T1107,Hypalon Tag - Pro Harness - Size L,Pro Harness Size Tag (36x12 Sheet),Lifetime Loop
T1108,Hypalon Tag - Pro Harness - Size M,,
LHP-MD,Lifetime Pro Harness-Medium (30-80lbs),LHP-MD - Lifetime Pro Harness - Medium,Lifetime Pro Harness
T1109,Hypalon Tag - Full Logo,Hypalon Tag - Full Logo - 240u,Cutting - Fabric
F0111-W/C,Dyneema Sheet - White 1.43 - 48x27.5,"F0111-W/C Dyneema 1.43 48x28"" Sheet Cut - White",Cutting - Fabric
LB-W/C,Bowl Cut - Dyneema 1.43 White,Dyneema Cut - White 1.43 48x28 6LB +5LP,Cutting - Fabric
LP-W/C,Pouch Cuts - White Dyneema (v2.2),,
LPX-R,Lifetime Pouch - Rust / Blemish,LP-R to LPX-R,
LHP-MD_P/C,LHP-MD Padding Panel,"LHP-MD Pad Cut 48x36"" 24u",Cutting - Fabric
LHP-LG_P/C,LHP-LG Padding Panel,LHP-LG Pad Cut 48x36 15u,Cutting - Fabric
LHP-MD_F/C,LHP-MD Fabric Panel,"LHP-MD Fabric Cut 48x36"" 24u",Cutting - Fabric
LHP-LG_F/C,LHP-LG Fabric Panel,"LHP-LG Fabric Cut 48x23"" 9u",Cutting - Fabric
F0105/C-LG,"Cordura 1000D - 48x22.5"" LG Sheet",F0105/C Cordura Sheet 48x36+48x23,Cutting - Fabric
F0105/C-MD,"Cordura 1000D - 48x36"" MD Sheet",,
F0201/C,"Breathe Pad 48x36"" Sheet","F0201/C - Breath Pad Sheet 48x36""",Cutting - Fabric
LBB-B/C,LBB Cuts - RX30 Black,LBB-B Shell (RX30),Cutting - Fabric
LCP-B1-MD,"Lifetime Pro Collar 1"" -Black / Medium (15""-22"")","LCP-B1-MD - Lifetime Pro Collar 1"" - Black - Medium",Lifetime Pro Collar
LCP-O1-MD,"Lifetime Pro Collar 1"" -Olive / Medium (15""-22"")","LCP-O1-MD - Lifetime Pro Collar 1"" - Olive - Medium",Lifetime Pro Collar
LCP-W1-MD,"Lifetime Pro Collar 1"" - Wolf / Medium (15""-22"")","LCP-W1-MD - Lifetime Pro Collar 1"" - Wolf - Medium",Lifetime Pro Collar
LCP-C1-MD,"Lifetime Pro Collar 1"" - Coyote / Medium (15""-22"")","LCP-C1-MD - Lifetime Pro Collar 1"" - Coyote - Medium",Lifetime Pro Collar
LCP-C1-E,"Lifetime Pro Collar 1"" Embroidery -Coyote","LCP-C1-E - Lifetime Pro Collar 1"" Embroidery - Coyote",Cutting - Webbing
LCP-B1-E,"Lifetime Pro Collar 1"" Embroidery -Black","LCP-B1-E - Lifetime Pro Collar 1"" Embroidery - Black",Cutting - Webbing
LCP-W1-E,"Lifetime Pro Collar 1"" Embroidery -Wolf","LCP-W1-E - Lifetime Pro Collar 1"" Embroidery - Wolf",Cutting - Webbing
LCP-O1-E,"Lifetime Pro Collar 1"" Embroidery -Olive","LCP-O1-E - Lifetime Pro Collar 1"" Embroidery - Olive",Cutting - Webbing
LCP-B1-H,"Lifetime Pro Collar 1"" Handle -Black","LCP-B1-H - Lifetime Pro Collar 1"" Handle - Black",LCP Handle
LCP-O1-H,"Lifetime Pro Collar 1"" Handle -Olive","LCP-O1-H - Lifetime Pro Collar 1"" Handle - Olive",LCP Handle
LCP-W1-H,"Lifetime Pro Collar 1"" Handle -Wolf","LCP-W1-H - Lifetime Pro Collar 1"" Handle - Wolf",LCP Handle
LCP-C1-H,"Lifetime Pro Collar 1"" Handle -Coyote","LCP-C1-H - Lifetime Pro Collar 1"" Handle - Coyote",LCP Handle
LL-S5-H,Lifetime Leash - Silver 5' / Handle,LL-S5-H - Lifetime Leash Silver 5ft - Handle,Lifetime Leash
LL-S8-H,Lifetime Leash - Silver 8' / Handle,LL-S8-H - Lifetime Leash Silver 8ft - Handle,Lifetime Leash
LL-C5-H,Lifetime Leash - Carbon 5' / Handle,LL-C5-H - Lifetime Leash Carbon 5ft - Handle,Lifetime Leash
LL-C8-H,Lifetime Leash - Carbon 8' / Handle,LL-C8-H - Lifetime Leash Carbon 8ft - Handle,Lifetime Leash
LL-T5-H,Lifetime Leash - Twilight 5' / Handle,LL-T5-H - Lifetime Leash Twilight 5ft - Handle,Lifetime Leash
LL-T8-H,Lifetime Leash - Twilight 8' / Handle,LL-T8-H - Lifetime Leash Twilight 8ft - Handle,Lifetime Leash
LL-G5-H,Lifetime Leash - Glacier 5' / Handle,LL-G5-H - Lifetime Leash Glacier 5ft - Handle,Lifetime Leash
LL-G8-H,Lifetime Leash - Glacier 8' / Handle,LL-G8-H - Lifetime Leash Glacier 8ft - Handle,Lifetime Leash
LL-R5-H,Lifetime Leash - Ruby 5' / Handle,LL-R5-H - Lifetime Leash Ruby 5ft - Handle,Lifetime Leash
LL-R8-H,Lifetime Leash - Ruby 8' / Handle,LL-R8-H - Lifetime Leash Ruby 8ft - Handle,Lifetime Leash
LL-H5-H,Lifetime Leash - Honey 5' / Handle,LL-H5-H - Lifetime Leash Honey 5ft - Handle,Lifetime Leash
LL-H8-H,Lifetime Leash - Honey 8' / Handle,LL-H8-H - Lifetime Leash Honey 8ft - Handle,Lifetime Leash
LL-M5-H,Lifetime Leash - Moss 5' / Handle,LL-M5-H - Lifetime Leash Moss 5ft - Handle,Lifetime Leash
LL-M8-H,Lifetime Leash - Moss 8' / Handle,LL-M8-H - Lifetime Leash Moss 8ft - Handle,Lifetime Leash
LCP-B1-LG,"Lifetime Pro Collar 1"" -Black / Large (20""-30"")","LCP-B1-LG - Lifetime Pro Collar 1"" - Black - Large",Lifetime Pro Collar
LCP-O1-LG,"Lifetime Pro Collar 1"" -Olive / Large (20""-30"")","LCP-O1-LG - Lifetime Pro Collar 1"" - Olive - Large",Lifetime Pro Collar
LCP-W1-LG,"Lifetime Pro Collar 1"" - Wolf / Large (20""-30"")","LCP-W1-LG - Lifetime Pro Collar 1"" - Wolf - Large",Lifetime Pro Collar
LCP-C1-LG,"Lifetime Pro Collar 1"" - Coyote / Large (20""-30"")","LCP-C1-LG - Lifetime Pro Collar 1"" - Coyote - Large",Lifetime Pro Collar
LCP-B1-SM,"Lifetime Pro Collar 1"" -Black / Small (10""-18"")","LCP-B1-SM - Lifetime Pro Collar 1"" - Black - Small",Lifetime Pro Collar
LCP-O1-SM,"Lifetime Pro Collar 1"" -Olive / Small (10""-18"")","LCP-O1-SM - Lifetime Pro Collar 1"" - Olive - Small",Lifetime Pro Collar
LCP-W1-SM,"Lifetime Pro Collar 1"" - Wolf / Small (10""-18"")","LCP-W1-SM - Lifetime Pro Collar 1"" - Wolf - Small",Lifetime Pro Collar
LCP-C1-SM,"Lifetime Pro Collar 1"" - Coyote / Small (10""-18"")","LCP-C1-SM - Lifetime Pro Collar 1"" - Coyote - Small",Lifetime Pro Collar
E0100/C,Belt Bag Elastic Cut,LBB Strap Elastic,Cutting - Webbing
LBB-B/C-Ultra,LBB Pocket - External (Ultra),LBB-B/C-Belt Bag Stretch Pocket Cuts 40u,Cutting - Fabric
BANX-SNOW-LG,Lifetime Bandana - Snow - Large / Blemish,BANX-SNOW-LG BLEMISH,
LBB-B/C-Liner,LBB Cuts - Liner Black,LBB-B/C Belt Bag Liner Cuts (1.1 Ripstop),Cutting - Fabric
F0100-B/C,Ripstop 1.1 48x36 Sheet - Black,Ripstop 1.1 48x31 Sheet,Cutting - Fabric
W0125-B/C,"1.5"" Seatbelt Webbing - LBB Cut","LBB Strap - 1.5"" Seatbelt",Cutting - Webbing
H0311/C,YKK Reverse Coil - #3 - LP Cut,Pouch Cut - #3 Ykk Zipper,Cutting - Webbing
LCP-B1-F3,"LCP 1"" Black Fi Compatible S3","LCP-B1-F3 - Lifetime Pro Collar 1"" Fi Attachment - Black",LCP Handle
LCP-W1-F3,"LCP 1"" Wolf Fi Compatible S3","LCP-W1-F3 - Lifetime Pro Collar 1"" Fi Attachment - Wolf",LCP Handle
LCP-O1-F3,"LCP 1"" Olive Fi Compatible S3","LCP-O1-F3 - Lifetime Pro Collar 1"" Fi Attachment - Olive",LCP Handle
LCP-C1-F3,"LCP 1"" Coyote Fi Compatible S3","LCP-C1-F3 - Lifetime Pro Collar 1"" Fi Attachment - Coyote",LCP Handle
LP-B/C,Pouch Cuts - RX30 Black (v2.2),LP-B/C Lifetime Pouch Cut - Black - 48x28 45u,Cutting - Fabric
LPX-L,Lifetime Pouch - Lilac / Blemish,LP-L to LPX-L,
H0510-E,"Cobra Buckle 1"" Black - Logo","Cobra 1"" - Logo",Cutting - Fabric
H0515-E,"Cobra Buckle 1.5"" Black - Logo","Cobra 1.5"" - Logo",Engraving
H0411,"Fidlock V-Buckle Logo Adj. 1""",V-Buckle Logo,Cutting - Fabric
K-SH3-W,Shit Kit - White,Shit Kit - White,
W0107-55/C,"55mm 3/4"" Nylon 17337 Black Cut","W0107-55/C - 1"" LCP D-Ring Cut",Cutting - Webbing
F0102-B/C,"X-Pac RX30 - Black - Sheet 48x28""",RX30 Black Sheet Cut (48x28),Cutting - Fabric
F0102-M/MD-C,"X-Pac RX30 - Mint - Sheet 48x28""",RX30 Mint Sheet Cut (48x28),Cutting - Fabric
F0102-R/MD-C,"X-Pac RX30 - Rust - Sheet 48x28""",RX30 Rust Sheet Cut (48x28),Cutting - Fabric
F0102-L/MD-C,"X-Pac RX30 - Lilac - Sheet 48x28""",RX30 Lilac Sheet Cut (48x28),Cutting - Fabric
F0102-I/MD-C,"X-Pac RX30 - Indigo - Sheet 48x28""",RX30 Indigo Sheet Cut (48x28),Cutting - Fabric
LP-R/C,Pouch Cuts - Rust (v2.3),LP-R/C Lifetime Pouch Cut - Rust 48x28 45u,Cutting - Fabric
LP-I/C,Pouch Cuts - Indigo (v2.2),LP-I/C Lifetime Pouch Cut - Indigo 48x28 45u,Cutting - Fabric
LP-L/C,Pouch Cuts - Lilac (v2.2),LP-L/C Lifetime Pouch Cut - Lilac 48x28 45u,Cutting - Fabric
LP-M/C,Pouch Cuts - Mint (v2.2),LP-M/C Lifetime Pouch Cut - Mint 48x28 45u,Cutting - Fabric
F3-SNAP38/C,"Fi Snap 1.5"" Cut","Fi Snap 1.5"" - Cut (36x12 Sheet) - 33u",Cutting - Fabric
F3-SNAP38,"Fi Snap 1.5""","Fi Snap 1.5""",Fi Snap
P00122-LCP,Labeled Pouch - LCP,Labeled Pouch - LCP,Packaging
P00122-LCS,Labeled Pouch - LCS,Labeled Pouch - LCS,Packaging
LBB-B/C-Pocket,LBB Pocket - Internal (Ripstop),LBB-B/C - Belt Bag Pocket Cuts 48x28 60u,Cutting - Fabric
LCS-T20,"Lifetime Slip Collar - Twilight / 16-20""","LCS-T20 - Lifetime Slip Collar - Twilight 16-20""",Lifetime Slip Collar
LCS-G20,"Lifetime Slip Collar - Glacier / 16-20""","LCS-G20 - Lifetime Slip Collar - Glacier 16-20""",Lifetime Slip Collar
LCS-R20,"Lifetime Slip Collar - Ruby / 16-20""","LCS-R20 - Lifetime Slip Collar - Ruby 16-20""",Lifetime Slip Collar
LCS-H20,"Lifetime Slip Collar - Honey / 16-20""","LCS-H20 - Lifetime Slip Collar - Honey 16-20""",Lifetime Slip Collar
LCS-M20,"Lifetime Slip Collar - Moss / 16-20""","LCS-M20 - Lifetime Slip Collar - Moss 16-20""",Lifetime Slip Collar
LCS-S20,"Lifetime Slip Collar - Silver / 16-20""","LCS-S20 - Lifetime Slip Collar - Silver 16-20""",Lifetime Slip Collar
LCS-C20,"Lifetime Slip Collar - Carbon / 16-20""","LCS-C20 - Lifetime Slip Collar - Carbon 16-20""",Lifetime Slip Collar
LPX-W,Lifetime Pouch Dyneema - White / Blemish,LP-W to LPX-W,
LBB-B/C-Pocket,LBB Pocket - Internal (Ripstop),LBB-B/C-Belt Bag Pocket Cuts (40u),Cutting - Fabric
T1107,Hypalon Tag - Pro Harness - Size L,Pro Harness Size Tag (36x12 Sheet),Cutting - Fabric
T1108,Hypalon Tag - Pro Harness - Size M,,
LL-P8-H,Lifetime Leash - Pink 8' / Handle,LL-P8-H - Lifetime Leash Pink 8ft - Handle,Lifetime Leash
LL-P5-H,Lifetime Leash - Pink 5' / Handle,LL-P5-H - Lifetime Leash Pink 5ft - Handle,Lifetime Leash
F0141-B/C,HEX70 XL 2.2 - Black Sheet - 48x36,"Hex70 48""x36"" Sheet",Cutting - Fabric
LP-P,Lifetime Pouch - Pink,LP-P - Lifetime Pouch - Pink,Lifetime Pouch
LCM-B,Lifetime Mini Collar-Black,LCM-B - Lifetime Mini Collar - Black,Lifetime Mini Collar
LCM-N,Lifetime Mini Collar - Navy,LCM-N - Lifetime Mini Collar - Navy,Lifetime Mini Collar
LCM-F,Lifetime Mini Collar-Forest,LCM-F - Lifetime Mini Collar - Forest,Lifetime Mini Collar
LCM-M,Lifetime Mini Collar-Maroon,LCM-M - Lifetime Mini Collar - Maroon,Lifetime Mini Collar
LCM-V,Lifetime Mini Collar-Violet,LCM-V - Lifetime Mini Collar - Violet,Lifetime Mini Collar
LBB-B/C-Ultra,LBB Pocket - External (Ultra),LBB-B/C-Belt Bag Stretch Pocket Cuts 40u,Cutting - Fabric
LP-CAMO/C,Pouch Cuts - Camo (v2.3),LP-CAMO/C Lifetime Pouch Cut - Camo 500d - 48x27.5 45u,Cutting - Fabric
LB-N,Lifetime Bowl - Navy,LB-N - Lifetime Bowl - Navy,Lifetime Bowl
F0111-N/C,Dyneema Sheet - Navy 1.43 - 48x27.5,"F0111-N/C Dyneema 1.43 48x28"" Sheet Cut - Navy",Cutting - Fabric
LB-N/C,Bowl Cut - Dyneema 1.43 Navy,Dyneema Cut - Navy 1.43 48x28 6LB +5LP,Cutting - Fabric
LP-N/C,Pouch Cuts - Navy Dyneema (v2.3),,
LP-N,Lifetime Pouch - Dyneema - Navy,LP-N - Lifetime Pouch - Dyneema Navy,Lifetime Pouch
BAN-OCEAN-LG/C,Bandana Cut - Ocean - Large,BAN-OCEAN-CUTS-LG - Airwave 48x28.5 - Ocean Large Cuts,Cutting - Fabric
BAN-OCEAN-SM/C,Bandana Cut - Ocean - Small,BAN-OCEAN-CUTS-SM - Airwave 48x28.5 - Ocean Small Cuts,Cutting - Fabric
BAN-BLAZE-SM/C,Bandana Cut - Blaze - Small,BAN-BLAZE-CUTS-SM - Airwave 48x28.5 - Blaze Small Cuts,Cutting - Fabric
BAN-TEAL-SM/C,Bandana Cut - Teal - Small,BAN-TEAL-CUTS-SM - Airwave 48x28.5 - Teal Small Cuts,Cutting - Fabric
BAN-LIME-SM/C,Bandana Cut - Lime - Small,BAN-LIME-CUTS-SM - Airwave 48x28.5 - Lime Small Cuts,Cutting - Fabric
BAN-BLACK-SM/C,Bandana Cut - Black - Small,BAN-BLACK-CUTS-SM - Airwave 48x28.5 - Black Small Cuts,Cutting - Fabric
BAN-ASH-SM/C,Bandana Cut - Ash - Small,BAN-ASH-CUTS-SM - Airwave 48x28.5 - Ash Small Cuts,Cutting - Fabric
BAN-TEAL-LG/C,Bandana Cut - Teal - Large,BAN-TEAL-CUTS-LG - Airwave 48x28.5 - Teal Large Cuts,Cutting - Fabric
BAN-BLAZE-LG/C,Bandana Cut - Blaze - Large,BAN-BLAZE-CUTS-LG - Airwave 48x28.5 - Blaze Large Cuts,Cutting - Fabric
BAN-LIME-LG/C,Bandana Cut - Lime - Large,BAN-LIME-CUTS-LG - Airwave 48x28.5 - Lime Large Cuts,Cutting - Fabric
BAN-BLACK-LG/C,Bandana Cut - Black - Large,BAN-BLACK-CUTS-LG - Airwave 48x28.5 - Black Large Cuts,Cutting - Fabric
BAN-ASH-LG/C,Bandana Cut - Ash - Large,BAN-ASH-CUTS-LG - Airwave 48x28.5 - Ash Large Cuts,Cutting - Fabric
LCP-B-MD-F3,Lifetime Pro Collar - Black / Medium with Fi S3,LCP-B-MD-F3,LCP Custom
LCP-B-LG-F3,Lifetime Pro Collar - Black / Large with Fi S3,LCP-B-LG-F3,LCP Custom
LCP-W-MD-F3,Lifetime Pro Collar - Wolf / Medium with Fi S3,LCP-W-MD-F3,LCP Custom
LCP-W-LG-F3,Lifetime Pro Collar - Wolf / Large with Fi S3,LCP-W-LG-F3,LCP Custom
LCP-O-MD-F3,Lifetime Pro Collar - Olive / Medium with Fi S3,LCP-O-MD-F3,LCP Custom
LCP-O-LG-F3,Lifetime Pro Collar - Olive / Large with Fi S3,LCP-O-LG-F3,LCP Custom
LCP-C-MD-F3,Lifetime Pro Collar - Coyote / Medium with Fi S3,LCP-C-MD-F3,LCP Custom
LCP-C-LG-F3,Lifetime Pro Collar - Coyote / Large with Fi S3,LCP-C-LG-F3,LCP Custom
LCP-B1-SM-F3,"Lifetime Pro Collar - 1"" Black / Small with Fi S3",LCP-B1-SM-F3,LCP Custom
LCP-B1-MD-F3,"Lifetime Pro Collar - 1"" Black / Medium with Fi S3",LCP-B1-MD-F3,LCP Custom
LCP-B1-LG-F3,"Lifetime Pro Collar - 1"" Black / Large with Fi S3",LCP-B1-LG-F3,LCP Custom
LCP-W1-SM-F3,"Lifetime Pro Collar - 1"" Wolf / Small with Fi S3",LCP-W1-SM-F3,LCP Custom
LCP-W1-MD-F3,"Lifetime Pro Collar - 1"" Wolf / Medium with Fi S3",LCP-W1-MD-F3,LCP Custom
LCP-W1-LG-F3,"Lifetime Pro Collar - 1"" Wolf / Large with Fi S3",LCP-W1-LG-F3,LCP Custom
LCP-O1-SM-F3,"Lifetime Pro Collar - 1"" Olive / Small with Fi S3",LCP-O1-SM-F3,LCP Custom
LCP-O1-MD-F3,"Lifetime Pro Collar - 1"" Olive / Medium with Fi S3",LCP-O1-MD-F3,LCP Custom
LCP-O1-LG-F3,"Lifetime Pro Collar - 1"" Olive / Large with Fi S3",LCP-O1-LG-F3,LCP Custom
LCP-C1-SM-F3,"Lifetime Pro Collar - 1"" Coyote / Small with Fi S3",LCP-C1-SM-F3,LCP Custom
LCP-C1-MD-F3,"Lifetime Pro Collar - 1"" Coyote / Medium with Fi S3",LCP-C1-MD-F3,LCP Custom
LCP-C1-LG-F3,"Lifetime Pro Collar - 1"" Coyote / Large with Fi S3",LCP-C1-LG-F3,LCP Custom
LCP-B-MD-H,"Lifetime Pro Collar-Black / Medium (16""-22"") with Handle",LCP-B-MD-H,LCP Custom
LCP-B-LG-H,"Lifetime Pro Collar-Black / Large (20""-30"") with Handle",LCP-B-LG-H,LCP Custom
LCP-W-MD-H,"Lifetime Pro Collar-Wolf / Medium (16""-22"") with Handle",LCP-W-MD-H,LCP Custom
LCP-W-LG-H,"Lifetime Pro Collar-Wolf / Large (20""-30"") with Handle",LCP-W-LG-H,LCP Custom
LCP-O-MD-H,"Lifetime Pro Collar-Olive / Medium (16""-22"") with Handle",LCP-O-MD-H,LCP Custom
LCP-O-LG-H,"Lifetime Pro Collar-Olive / Large (20""-30"") with Handle",LCP-O-LG-H,LCP Custom
LCP-C-MD-H,"Lifetime Pro Collar-Coyote / Medium (16""-22"") with Handle",LCP-C-MD-H,LCP Custom
LCP-C-LG-H,"Lifetime Pro Collar-Coyote / Large (20""-30"") with Handle",LCP-C-LG-H,LCP Custom
LCP-B1-SM-H,"Lifetime Pro Collar - 1"" Black / Small with Handle",LCP-B1-SM-H,LCP Custom
LCP-B1-MD-H,"Lifetime Pro Collar - 1"" Black / Medium with Handle",LCP-B1-MD-H,LCP Custom
LCP-B1-LG-H,"Lifetime Pro Collar - 1"" Black / Large with Handle",LCP-B1-LG-H,LCP Custom
LCP-W1-SM-H,"Lifetime Pro Collar - 1"" Wolf / Small with Handle",LCP-W1-SM-H,LCP Custom
LCP-W1-MD-H,"Lifetime Pro Collar - 1"" Wolf / Medium with Handle",LCP-W1-MD-H,LCP Custom
LCP-W1-LG-H,"Lifetime Pro Collar - 1"" Wolf / Large with Handle",LCP-W1-LG-H,LCP Custom
LCP-O1-SM-H,"Lifetime Pro Collar - 1"" Olive / Small with Handle",LCP-O1-SM-H,LCP Custom
LCP-O1-MD-H,"Lifetime Pro Collar - 1"" Olive / Medium with Handle",LCP-O1-MD-H,LCP Custom
LCP-O1-LG-H,"Lifetime Pro Collar - 1"" Olive / Large with Handle",LCP-O1-LG-H,LCP Custom
LCP-C1-SM-H,"Lifetime Pro Collar - 1"" Coyote / Small with Handle",LCP-C1-SM-H,LCP Custom
LCP-C1-MD-H,"Lifetime Pro Collar - 1"" Coyote / Medium with Handle",LCP-C1-MD-H,LCP Custom
LCP-C1-LG-H,"Lifetime Pro Collar - 1"" Coyote / Large with Handle",LCP-C1-LG-H,LCP Custom